--COLOR
insert into color (id, name) values (1, 'Fuscia');
insert into color (id, name) values (2, 'Crimson');
insert into color (id, name) values (3, 'Turquoise');
insert into color (id, name) values (4, 'Mauv');
insert into color (id, name) values (5, 'Maroon');
insert into color (id, name) values (6, 'Blue');
insert into color (id, name) values (7, 'Pink');
insert into color (id, name) values (8, 'Teal');
insert into color (id, name) values (9, 'Orange');
insert into color (id, name) values (10, 'Red');
insert into color (id, name) values (11, 'Khaki');
insert into color (id, name) values (12, 'Aquamarine');
insert into color (id, name) values (13, 'Yellow');
insert into color (id, name) values (14, 'Purple');

--COUNTRY

insert into country (id, name) values (1, 'Japan');
insert into country (id, name) values (2, 'Panama');
insert into country (id, name) values (3, 'Poland');
insert into country (id, name) values (4, 'China');
insert into country (id, name) values (5, 'Ukraine');
insert into country (id, name) values (6, 'Morocco');
insert into country (id, name) values (7, 'Spain');
insert into country (id, name) values (8, 'Sweden');
insert into country (id, name) values (9, 'Pakistan');
insert into country (id, name) values (10, 'Indonesia');
insert into country (id, name) values (11, 'Croatia');
insert into country (id, name) values (12, 'Russia');
insert into country (id, name) values (13, 'Vietnam');
insert into country (id, name) values (14, 'Slovenia');
insert into country (id, name) values (15, 'Thailand');
insert into country (id, name) values (16, 'Syria');
insert into country (id, name) values (17, 'Comoros');
insert into country (id, name) values (18, 'Brazil');
insert into country (id, name) values (19, 'Philippines');
insert into country (id, name) values (20, 'Nigeria');
insert into country (id, name) values (21, 'Latvia');
insert into country (id, name) values (22, 'Ethiopia');
insert into country (id, name) values (23, 'Egypt');
insert into country (id, name) values (24, 'Argentina');
insert into country (id, name) values (25, 'Portugal');
insert into country (id, name) values (26, 'Czech Republic');
insert into country (id, name) values (27, 'Estonia');
insert into country (id, name) values (28, 'French Polynesia');
insert into country (id, name) values (29, 'Colombia');
insert into country (id, name) values (30, 'France');
insert into country (id, name) values (31, 'Sierra Leone');
insert into country (id, name) values (32, 'Germany');
insert into country (id, name) values (33, 'Tajikistan');
insert into country (id, name) values (34, 'Palestinian Territory');
insert into country (id, name) values (35, 'United States');
insert into country (id, name) values (36, 'Haiti');
insert into country (id, name) values (37, 'Italy');
insert into country (id, name) values (38, 'Papua New Guinea');
insert into country (id, name) values (39, 'Jordan');
insert into country (id, name) values (40, 'Mali');
insert into country (id, name) values (41, 'Bosnia and Herzegovinacountry');

-- SIZE

insert into size (id, name) values (1, 'Extra Small');
insert into size (id, name) values (2, 'Small');
insert into size (id, name) values (3, 'Medium');
insert into size (id, name) values (4, 'Large');
insert into size (id, name) values (5, 'Extra Large');

-- IMAGE
insert into image (id, file) values (1, 'http://dummyimage.com/195x100.png/5fa2dd/ffffff');
insert into image (id, file) values (2, 'http://dummyimage.com/116x100.png/cc0000/ffffff');
insert into image (id, file) values (3, 'http://dummyimage.com/124x100.png/ff4444/ffffff');
insert into image (id, file) values (4, 'http://dummyimage.com/200x100.png/dddddd/000000');
insert into image (id, file) values (5, 'http://dummyimage.com/164x100.png/5fa2dd/ffffff');
insert into image (id, file) values (6, 'http://dummyimage.com/137x100.png/cc0000/ffffff');
insert into image (id, file) values (7, 'http://dummyimage.com/235x100.png/dddddd/000000');
insert into image (id, file) values (8, 'http://dummyimage.com/215x100.png/5fa2dd/ffffff');
insert into image (id, file) values (9, 'http://dummyimage.com/203x100.png/5fa2dd/ffffff');
insert into image (id, file) values (10, 'http://dummyimage.com/105x100.png/dddddd/000000');
insert into image (id, file) values (11, 'http://dummyimage.com/141x100.png/5fa2dd/ffffff');
insert into image (id, file) values (12, 'http://dummyimage.com/238x100.png/ff4444/ffffff');
insert into image (id, file) values (13, 'http://dummyimage.com/149x100.png/5fa2dd/ffffff');
insert into image (id, file) values (14, 'http://dummyimage.com/122x100.png/dddddd/000000');
insert into image (id, file) values (15, 'http://dummyimage.com/181x100.png/cc0000/ffffff');
insert into image (id, file) values (16, 'http://dummyimage.com/164x100.png/cc0000/ffffff');
insert into image (id, file) values (17, 'http://dummyimage.com/190x100.png/5fa2dd/ffffff');
insert into image (id, file) values (18, 'http://dummyimage.com/245x100.png/5fa2dd/ffffff');
insert into image (id, file) values (19, 'http://dummyimage.com/155x100.png/5fa2dd/ffffff');
insert into image (id, file) values (20, 'http://dummyimage.com/114x100.png/ff4444/ffffff');
insert into image (id, file) values (21, 'http://dummyimage.com/145x100.png/5fa2dd/ffffff');
insert into image (id, file) values (22, 'http://dummyimage.com/165x100.png/5fa2dd/ffffff');
insert into image (id, file) values (23, 'http://dummyimage.com/250x100.png/cc0000/ffffff');
insert into image (id, file) values (24, 'http://dummyimage.com/175x100.png/cc0000/ffffff');
insert into image (id, file) values (25, 'http://dummyimage.com/172x100.png/cc0000/ffffff');
insert into image (id, file) values (26, 'http://dummyimage.com/214x100.png/ff4444/ffffff');
insert into image (id, file) values (27, 'http://dummyimage.com/173x100.png/cc0000/ffffff');
insert into image (id, file) values (28, 'http://dummyimage.com/186x100.png/5fa2dd/ffffff');
insert into image (id, file) values (29, 'http://dummyimage.com/193x100.png/5fa2dd/ffffff');
insert into image (id, file) values (30, 'http://dummyimage.com/198x100.png/5fa2dd/ffffff');
insert into image (id, file) values (31, 'http://dummyimage.com/217x100.png/dddddd/000000');
insert into image (id, file) values (32, 'http://dummyimage.com/190x100.png/dddddd/000000');
insert into image (id, file) values (33, 'http://dummyimage.com/197x100.png/5fa2dd/ffffff');
insert into image (id, file) values (34, 'http://dummyimage.com/224x100.png/ff4444/ffffff');
insert into image (id, file) values (35, 'http://dummyimage.com/152x100.png/5fa2dd/ffffff');
insert into image (id, file) values (36, 'http://dummyimage.com/136x100.png/ff4444/ffffff');
insert into image (id, file) values (37, 'http://dummyimage.com/141x100.png/ff4444/ffffff');
insert into image (id, file) values (38, 'http://dummyimage.com/157x100.png/ff4444/ffffff');
insert into image (id, file) values (39, 'http://dummyimage.com/197x100.png/dddddd/000000');
insert into image (id, file) values (40, 'http://dummyimage.com/160x100.png/dddddd/000000');
insert into image (id, file) values (41, 'http://dummyimage.com/106x100.png/cc0000/ffffff');
insert into image (id, file) values (42, 'http://dummyimage.com/109x100.png/5fa2dd/ffffff');
insert into image (id, file) values (43, 'http://dummyimage.com/189x100.png/cc0000/ffffff');
insert into image (id, file) values (44, 'http://dummyimage.com/108x100.png/cc0000/ffffff');
insert into image (id, file) values (45, 'http://dummyimage.com/102x100.png/dddddd/000000');
insert into image (id, file) values (46, 'http://dummyimage.com/112x100.png/ff4444/ffffff');
insert into image (id, file) values (47, 'http://dummyimage.com/161x100.png/ff4444/ffffff');
insert into image (id, file) values (48, 'http://dummyimage.com/127x100.png/5fa2dd/ffffff');
insert into image (id, file) values (49, 'http://dummyimage.com/168x100.png/ff4444/ffffff');
insert into image (id, file) values (50, 'http://dummyimage.com/180x100.png/cc0000/ffffff');
insert into image (id, file) values (51, 'http://dummyimage.com/171x100.png/dddddd/000000');
insert into image (id, file) values (52, 'http://dummyimage.com/183x100.png/cc0000/ffffff');
insert into image (id, file) values (53, 'http://dummyimage.com/175x100.png/5fa2dd/ffffff');
insert into image (id, file) values (54, 'http://dummyimage.com/218x100.png/5fa2dd/ffffff');
insert into image (id, file) values (55, 'http://dummyimage.com/119x100.png/5fa2dd/ffffff');
insert into image (id, file) values (56, 'http://dummyimage.com/123x100.png/5fa2dd/ffffff');
insert into image (id, file) values (57, 'http://dummyimage.com/104x100.png/dddddd/000000');
insert into image (id, file) values (58, 'http://dummyimage.com/238x100.png/5fa2dd/ffffff');
insert into image (id, file) values (59, 'http://dummyimage.com/163x100.png/dddddd/000000');
insert into image (id, file) values (60, 'http://dummyimage.com/171x100.png/cc0000/ffffff');
insert into image (id, file) values (61, 'http://dummyimage.com/194x100.png/5fa2dd/ffffff');
insert into image (id, file) values (62, 'http://dummyimage.com/194x100.png/ff4444/ffffff');
insert into image (id, file) values (63, 'http://dummyimage.com/117x100.png/dddddd/000000');
insert into image (id, file) values (64, 'http://dummyimage.com/239x100.png/cc0000/ffffff');
insert into image (id, file) values (65, 'http://dummyimage.com/195x100.png/ff4444/ffffff');
insert into image (id, file) values (66, 'http://dummyimage.com/175x100.png/dddddd/000000');
insert into image (id, file) values (67, 'http://dummyimage.com/115x100.png/ff4444/ffffff');
insert into image (id, file) values (68, 'http://dummyimage.com/121x100.png/5fa2dd/ffffff');
insert into image (id, file) values (69, 'http://dummyimage.com/204x100.png/cc0000/ffffff');
insert into image (id, file) values (70, 'http://dummyimage.com/110x100.png/cc0000/ffffff');
insert into image (id, file) values (71, 'http://dummyimage.com/151x100.png/cc0000/ffffff');
insert into image (id, file) values (72, 'http://dummyimage.com/193x100.png/dddddd/000000');
insert into image (id, file) values (73, 'http://dummyimage.com/201x100.png/dddddd/000000');
insert into image (id, file) values (74, 'http://dummyimage.com/229x100.png/5fa2dd/ffffff');
insert into image (id, file) values (75, 'http://dummyimage.com/129x100.png/dddddd/000000');
insert into image (id, file) values (76, 'http://dummyimage.com/140x100.png/5fa2dd/ffffff');
insert into image (id, file) values (77, 'http://dummyimage.com/210x100.png/dddddd/000000');
insert into image (id, file) values (78, 'http://dummyimage.com/231x100.png/cc0000/ffffff');
insert into image (id, file) values (79, 'http://dummyimage.com/249x100.png/cc0000/ffffff');
insert into image (id, file) values (80, 'http://dummyimage.com/100x100.png/cc0000/ffffff');
insert into image (id, file) values (81, 'http://dummyimage.com/101x100.png/ff4444/ffffff');
insert into image (id, file) values (82, 'http://dummyimage.com/122x100.png/5fa2dd/ffffff');
insert into image (id, file) values (83, 'http://dummyimage.com/109x100.png/dddddd/000000');
insert into image (id, file) values (84, 'http://dummyimage.com/134x100.png/cc0000/ffffff');
insert into image (id, file) values (85, 'http://dummyimage.com/219x100.png/cc0000/ffffff');
insert into image (id, file) values (86, 'http://dummyimage.com/103x100.png/ff4444/ffffff');
insert into image (id, file) values (87, 'http://dummyimage.com/209x100.png/ff4444/ffffff');
insert into image (id, file) values (88, 'http://dummyimage.com/121x100.png/cc0000/ffffff');
insert into image (id, file) values (89, 'http://dummyimage.com/196x100.png/dddddd/000000');
insert into image (id, file) values (90, 'http://dummyimage.com/150x100.png/ff4444/ffffff');
insert into image (id, file) values (91, 'http://dummyimage.com/229x100.png/dddddd/000000');
insert into image (id, file) values (92, 'http://dummyimage.com/198x100.png/dddddd/000000');
insert into image (id, file) values (93, 'http://dummyimage.com/130x100.png/5fa2dd/ffffff');
insert into image (id, file) values (94, 'http://dummyimage.com/230x100.png/5fa2dd/ffffff');
insert into image (id, file) values (95, 'http://dummyimage.com/199x100.png/dddddd/000000');
insert into image (id, file) values (96, 'http://dummyimage.com/218x100.png/dddddd/000000');
insert into image (id, file) values (97, 'http://dummyimage.com/227x100.png/cc0000/ffffff');
insert into image (id, file) values (98, 'http://dummyimage.com/196x100.png/5fa2dd/ffffff');
insert into image (id, file) values (99, 'http://dummyimage.com/225x100.png/5fa2dd/ffffff');
insert into image (id, file) values (100, 'http://dummyimage.com/181x100.png/5fa2dd/ffffff');
insert into image (id, file) values (101, 'http://dummyimage.com/114x100.png/5fa2dd/ffffff');
insert into image (id, file) values (102, 'http://dummyimage.com/144x100.png/dddddd/000000');
insert into image (id, file) values (103, 'http://dummyimage.com/142x100.png/ff4444/ffffff');
insert into image (id, file) values (104, 'http://dummyimage.com/207x100.png/cc0000/ffffff');
insert into image (id, file) values (105, 'http://dummyimage.com/203x100.png/ff4444/ffffff');
insert into image (id, file) values (106, 'http://dummyimage.com/157x100.png/5fa2dd/ffffff');
insert into image (id, file) values (107, 'http://dummyimage.com/244x100.png/cc0000/ffffff');
insert into image (id, file) values (108, 'http://dummyimage.com/216x100.png/cc0000/ffffff');
insert into image (id, file) values (109, 'http://dummyimage.com/175x100.png/ff4444/ffffff');
insert into image (id, file) values (110, 'http://dummyimage.com/168x100.png/cc0000/ffffff');
insert into image (id, file) values (111, 'http://dummyimage.com/245x100.png/cc0000/ffffff');
insert into image (id, file) values (112, 'http://dummyimage.com/117x100.png/5fa2dd/ffffff');
insert into image (id, file) values (113, 'http://dummyimage.com/207x100.png/5fa2dd/ffffff');
insert into image (id, file) values (114, 'http://dummyimage.com/184x100.png/ff4444/ffffff');
insert into image (id, file) values (115, 'http://dummyimage.com/171x100.png/5fa2dd/ffffff');
insert into image (id, file) values (116, 'http://dummyimage.com/106x100.png/ff4444/ffffff');
insert into image (id, file) values (117, 'http://dummyimage.com/153x100.png/dddddd/000000');
insert into image (id, file) values (118, 'http://dummyimage.com/217x100.png/ff4444/ffffff');
insert into image (id, file) values (119, 'http://dummyimage.com/161x100.png/5fa2dd/ffffff');
insert into image (id, file) values (120, 'http://dummyimage.com/235x100.png/5fa2dd/ffffff');
insert into image (id, file) values (121, 'http://dummyimage.com/149x100.png/cc0000/ffffff');
insert into image (id, file) values (122, 'http://dummyimage.com/134x100.png/5fa2dd/ffffff');
insert into image (id, file) values (123, 'http://dummyimage.com/230x100.png/ff4444/ffffff');
insert into image (id, file) values (124, 'http://dummyimage.com/214x100.png/dddddd/000000');
insert into image (id, file) values (125, 'http://dummyimage.com/138x100.png/dddddd/000000');
insert into image (id, file) values (126, 'http://dummyimage.com/183x100.png/ff4444/ffffff');
insert into image (id, file) values (127, 'http://dummyimage.com/113x100.png/5fa2dd/ffffff');
insert into image (id, file) values (128, 'http://dummyimage.com/188x100.png/5fa2dd/ffffff');
insert into image (id, file) values (129, 'http://dummyimage.com/192x100.png/dddddd/000000');
insert into image (id, file) values (130, 'http://dummyimage.com/184x100.png/dddddd/000000');
insert into image (id, file) values (131, 'http://dummyimage.com/245x100.png/ff4444/ffffff');
insert into image (id, file) values (132, 'http://dummyimage.com/198x100.png/cc0000/ffffff');
insert into image (id, file) values (133, 'http://dummyimage.com/243x100.png/cc0000/ffffff');
insert into image (id, file) values (134, 'http://dummyimage.com/118x100.png/ff4444/ffffff');
insert into image (id, file) values (135, 'http://dummyimage.com/108x100.png/dddddd/000000');
insert into image (id, file) values (136, 'http://dummyimage.com/243x100.png/ff4444/ffffff');
insert into image (id, file) values (137, 'http://dummyimage.com/220x100.png/dddddd/000000');
insert into image (id, file) values (138, 'http://dummyimage.com/203x100.png/dddddd/000000');
insert into image (id, file) values (139, 'http://dummyimage.com/191x100.png/dddddd/000000');
insert into image (id, file) values (140, 'http://dummyimage.com/247x100.png/dddddd/000000');
insert into image (id, file) values (141, 'http://dummyimage.com/232x100.png/5fa2dd/ffffff');
insert into image (id, file) values (142, 'http://dummyimage.com/208x100.png/ff4444/ffffff');
insert into image (id, file) values (143, 'http://dummyimage.com/133x100.png/5fa2dd/ffffff');
insert into image (id, file) values (144, 'http://dummyimage.com/234x100.png/cc0000/ffffff');
insert into image (id, file) values (145, 'http://dummyimage.com/216x100.png/5fa2dd/ffffff');
insert into image (id, file) values (146, 'http://dummyimage.com/249x100.png/5fa2dd/ffffff');
insert into image (id, file) values (147, 'http://dummyimage.com/184x100.png/cc0000/ffffff');
insert into image (id, file) values (148, 'http://dummyimage.com/151x100.png/dddddd/000000');
insert into image (id, file) values (149, 'http://dummyimage.com/240x100.png/cc0000/ffffff');
insert into image (id, file) values (150, 'http://dummyimage.com/191x100.png/cc0000/ffffff');
insert into image (id, file) values (151, 'http://dummyimage.com/172x100.png/ff4444/ffffff');
insert into image (id, file) values (152, 'http://dummyimage.com/228x100.png/dddddd/000000');
insert into image (id, file) values (153, 'http://dummyimage.com/238x100.png/dddddd/000000');
insert into image (id, file) values (154, 'http://dummyimage.com/140x100.png/dddddd/000000');
insert into image (id, file) values (155, 'http://dummyimage.com/169x100.png/dddddd/000000');
insert into image (id, file) values (156, 'http://dummyimage.com/248x100.png/cc0000/ffffff');
insert into image (id, file) values (157, 'http://dummyimage.com/110x100.png/ff4444/ffffff');
insert into image (id, file) values (158, 'http://dummyimage.com/139x100.png/cc0000/ffffff');
insert into image (id, file) values (159, 'http://dummyimage.com/209x100.png/cc0000/ffffff');
insert into image (id, file) values (160, 'http://dummyimage.com/211x100.png/ff4444/ffffff');
insert into image (id, file) values (161, 'http://dummyimage.com/128x100.png/cc0000/ffffff');
insert into image (id, file) values (162, 'http://dummyimage.com/236x100.png/cc0000/ffffff');
insert into image (id, file) values (163, 'http://dummyimage.com/237x100.png/cc0000/ffffff');
insert into image (id, file) values (164, 'http://dummyimage.com/165x100.png/ff4444/ffffff');
insert into image (id, file) values (165, 'http://dummyimage.com/222x100.png/cc0000/ffffff');
insert into image (id, file) values (166, 'http://dummyimage.com/156x100.png/cc0000/ffffff');
insert into image (id, file) values (167, 'http://dummyimage.com/230x100.png/cc0000/ffffff');
insert into image (id, file) values (168, 'http://dummyimage.com/155x100.png/dddddd/000000');
insert into image (id, file) values (169, 'http://dummyimage.com/224x100.png/cc0000/ffffff');
insert into image (id, file) values (170, 'http://dummyimage.com/167x100.png/cc0000/ffffff');
insert into image (id, file) values (171    , 'http://dummyimage.com/176x100.png/dddddd/000000');
insert into image (id, file) values (172, 'http://dummyimage.com/223x100.png/dddddd/000000');


-- Authenticated User

insert into authenticated_user (id, first_name, last_name, email, password, birth_date, gender, blocked, id_image) values (1, 'Cyrill', 'Sandes', 'csandes0@unicef.org', '6478bab50512b07ffa7bbe61843c8587acfc0b43cfa36e429a61e28097d13a67', '1957-03-23', 'M', true, 1);
insert into authenticated_user (id, first_name, last_name, email, password, birth_date, gender, blocked, id_image) values (2, 'Cherilynn', 'Monkleigh', 'cmonkleigh1@msn.com', '537147eea5cc3c713de2f26f900c50cd3f3ea7019463f9e6843257a330bd0632', '1970-07-19', 'F', true, 2);
insert into authenticated_user (id, first_name, last_name, email, password, birth_date, gender, blocked, id_image) values (3, 'Kyrstin', 'Benduhn', 'kbenduhn2@bloglovin.com', '5c7c0c7f826bf8c1218c022faf9cbb2950f0f639c73a6b597071a18226fdb937', '1950-11-10', 'F', true, 3);
insert into authenticated_user (id, first_name, last_name, email, password, birth_date, gender, blocked, id_image) values (4, 'Bron', 'Abatelli', 'babatelli3@qq.com', 'c1ac9d76246a87c9399361f536fdce9ac981da56a58c038a547f21de0b837222', '1982-03-19', 'M', true, 4);
insert into authenticated_user (id, first_name, last_name, email, password, birth_date, gender, blocked, id_image) values (5, 'Colleen', 'Caslane', 'ccaslane4@diigo.com', 'e107ca75325b6506cbdab55326b35fbb902b852b94a8ab5b4103cc7e22aa8670', '1951-04-01', 'F', true, 5);
insert into authenticated_user (id, first_name, last_name, email, password, birth_date, gender, blocked, id_image) values (6, 'Boigie', 'Chellenham', 'bchellenham5@wsj.com', '86ea9a45e1bad2902f611b13573169856854cf3b9623a8271fdc7ae17f97cd80', '1976-02-04', 'M', false, 6);
insert into authenticated_user (id, first_name, last_name, email, password, birth_date, gender, blocked, id_image) values (7, 'Victoir', 'Peggs', 'vpeggs6@angelfire.com', 'b5650b772fc84011792dd20d6636bbd03c8b317dd3eb0dc59440779559255a71', '1975-02-18', 'M', false, 7);
insert into authenticated_user (id, first_name, last_name, email, password, birth_date, gender, blocked, id_image) values (8, 'Briant', 'Dadge', 'bdadge7@noaa.gov', '4b0e6f43281f0e9e2540c4116eb80be74f747d0042e18b01db5026caeba0808e', '1965-07-18', 'M', false, 8);
insert into authenticated_user (id, first_name, last_name, email, password, birth_date, gender, blocked, id_image) values (9, 'Ester', 'Bill', 'ebill8@bbb.org', '2f0208efec7893f1032dc60961c64b4c14e8dba540932e6c3702aa0250209416', '1995-06-25', 'F', false, 9);
insert into authenticated_user (id, first_name, last_name, email, password, birth_date, gender, blocked, id_image) values (10, 'Almira', 'Braemer', 'abraemer9@xrea.com', '54583670438d6a248ad6d321f98bab9a9abfbc6a1dbb604373be7dd6f75ebc6f', '1970-12-20', 'F', false, 10);
insert into authenticated_user (id, first_name, last_name, email, password, birth_date, gender, blocked, id_image) values (11, 'Tracie', 'Bourke', 'tbourkea@furl.net', '461d36aa2c852b1c9da8cae697f4d5935152af8a7d2e2cb0211d0db4947b0e86', '1972-09-13', 'M', false, 11);
insert into authenticated_user (id, first_name, last_name, email, password, birth_date, gender, blocked, id_image) values (12, 'Consolata', 'Ronayne', 'cronayneb@apache.org', 'dc1d2fdac24426cdd5a056e1ff0fa627bb139c211f2f36c4fb727d72605adda5', '2001-11-30', 'F', false, 12);
insert into authenticated_user (id, first_name, last_name, email, password, birth_date, gender, blocked, id_image) values (13, 'Kelly', 'Rau', 'krauc@goodreads.com', '88edeac72753506fa50e60d8031e7544d6c02b3593f2d5289e30779e59319496', '1976-03-01', 'M', false, 13);
insert into authenticated_user (id, first_name, last_name, email, password, birth_date, gender, blocked, id_image) values (14, 'Raychel', 'Portt', 'rporttd@reference.com', 'd63f35d4d4c34592a27d983b4f0f8b8587e6797eb9f94c835bfd800b1c5be08d', '1969-12-27', 'F', false, 14);
insert into authenticated_user (id, first_name, last_name, email, password, birth_date, gender, blocked, id_image) values (15, 'Holmes', 'McClarence', 'hmcclarencee@cargocollective.com', '339fe4ed1700cce8774b8a18aa24544eae316e65d5201ab80d75ab5b535a86cd', '2000-12-28', 'M', false, 15);
insert into authenticated_user (id, first_name, last_name, email, password, birth_date, gender, blocked, id_image) values (16, 'Imelda', 'O''Keeffe', 'iokeeffef@walmart.com', '019f1dfa81ff71c55a98b4f12a4674ae1f5fb25f8f389e1f8602576ba3f5ecd8', '1964-09-22', 'F', false, 16);
insert into authenticated_user (id, first_name, last_name, email, password, birth_date, gender, blocked, id_image) values (17, 'Rowen', 'Monahan', 'rmonahang@cornell.edu', '9890d796aa6c4523170d31d3fb315f67f180fa21eb79cc14e035d76c37a6d7ef', '2001-05-13', 'M', false, 17);
insert into authenticated_user (id, first_name, last_name, email, password, birth_date, gender, blocked, id_image) values (18, 'Octavius', 'Plimmer', 'oplimmerh@salon.com', 'eb96ec77f6cd73522f3c6b9c6cc0bea419992177cefac1186cefcc9e140b3634', '1991-04-02', 'M', false, 18);
insert into authenticated_user (id, first_name, last_name, email, password, birth_date, gender, blocked, id_image) values (19, 'Ryun', 'Middlehurst', 'rmiddlehursti@lycos.com', 'ef504a9956cd99a0690a3fba2554c334cc2421ec250424848e507e1a49e42fd4', '1986-08-11', 'M', false, 19);
insert into authenticated_user (id, first_name, last_name, email, password, birth_date, gender, blocked, id_image) values (20, 'Zebulen', 'Wisam', 'zwisamj@ox.ac.uk', 'ab5c31aea1ec630b92593fd9ec6e86b8b94f47844662c435ade947e0d5b1e6f9', '1979-10-08', 'M', false, 20);
insert into authenticated_user (id, first_name, last_name, email, password, birth_date, gender, blocked, id_image) values (21, 'Tim', 'Priestland', 'tpriestlandk@nasa.gov', '096e5eb08e58a4fc5b34557650f220350d3b82b289f79a139876ff0a8c0c87c9', '1977-02-25', 'F', false, 21);
insert into authenticated_user (id, first_name, last_name, email, password, birth_date, gender, blocked, id_image) values (22, 'Myrilla', 'Leonarde', 'mleonardel@columbia.edu', '7e0333a7f729f7f568ea516c527ba34fd6ac07942dc286103db60a2f5be9332d', '2001-10-25', 'F', false, 22);
insert into authenticated_user (id, first_name, last_name, email, password, birth_date, gender, blocked, id_image) values (23, 'Arabele', 'Burry', 'aburrym@apache.org', '30b0d903de33ddf576aff75a0b26a785cf8065bfd82caea93731d1330702f3e0', '2000-04-30', 'F', false, 23);
insert into authenticated_user (id, first_name, last_name, email, password, birth_date, gender, blocked, id_image) values (24, 'David', 'Gueinn', 'dgueinnn@ucsd.edu', 'dcbeedfdc73155c96ab32ec08d8412f471169e8877748e329195929eb5d307f3', '2000-08-12', 'M', false, 24);
insert into authenticated_user (id, first_name, last_name, email, password, birth_date, gender, blocked, id_image) values (25, 'Wenda', 'Garrett', 'wgarretto@guardian.co.uk', '38665d9c169db2eaf6170fca1bb4cd9aa801f54941c4b65bf073ffd1376c8da1', '2002-07-08', 'F', false, 25);
insert into authenticated_user (id, first_name, last_name, email, password, birth_date, gender, blocked, id_image) values (26, 'Brendan', 'Rantoul', 'brantoulp@github.io', '86afe42ecc614139fb3cd71ff112b47c5ba0ceb612e12ca24b33c90f6e5eb202', '1971-05-02', 'M', false, 26);
insert into authenticated_user (id, first_name, last_name, email, password, birth_date, gender, blocked, id_image) values (27, 'Garv', 'Trusslove', 'gtrussloveq@pen.io', 'c3e0ef4114aa60e8ae293289b66c10249a3ab05f16f5ac424331ce869d8fc293', '2002-01-23', 'M', false, 27);
insert into authenticated_user (id, first_name, last_name, email, password, birth_date, gender, blocked, id_image) values (28, 'Ralph', 'Gooden', 'rgoodenr@4shared.com', 'cbd6fa7e4e6eb1c1d9623fe7f1546783e38fc3af1be297c072f4ee0480f43a9a', '1968-09-15', 'M', false, 28);
insert into authenticated_user (id, first_name, last_name, email, password, birth_date, gender, blocked, id_image) values (29, 'Anthe', 'D''Aubney', 'adaubneys@istockphoto.com', '6ec93fa43b587b54b7d669e725369b61d3510e6cbb6696df7c19bfb3b714c5b0', '1991-03-06', 'F', false, 29);
insert into authenticated_user (id, first_name, last_name, email, password, birth_date, gender, blocked, id_image) values (30, 'Marga', 'Farrey', 'mfarreyt@edublogs.org', 'f236101ff02e6efa15ec87ff14d74b4c3f2de85d9bca8f6efa2b6142b7f55768', '1961-10-08', 'F', false, 30);
insert into authenticated_user (id, first_name, last_name, email, password, birth_date, gender, blocked, id_image) values (31, 'Shurlock', 'Renvoise', 'srenvoiseu@narod.ru', '6cb54455a3bacb3c919ddbc74d0b0e5cbdef2f1d8db8e2811d9573b0a0e28953', '1998-01-27', 'M', false, 31);
insert into authenticated_user (id, first_name, last_name, email, password, birth_date, gender, blocked, id_image) values (32, 'Iago', 'Walsh', 'iwalshv@ning.com', 'da3960a29b73cfe64a2a8db0e14d8ff6f61f1f07c826771133ebdf3c9cf3908d', '1968-12-23', 'M', false, 32);
insert into authenticated_user (id, first_name, last_name, email, password, birth_date, gender, blocked, id_image) values (33, 'Kipp', 'Tripet', 'ktripetw@senate.gov', '09cc7452d6cd11e8de4c82b3fcfba3c347c521a5ecbdc022d2406f68cafcd927', '1988-12-29', 'M', false, 33);
insert into authenticated_user (id, first_name, last_name, email, password, birth_date, gender, blocked, id_image) values (34, 'Sydney', 'Asche', 'saschex@mozilla.com', 'cb577b7cc16f74697ba4aa38f0f93399138d3f6be9c8dde0d5b841b575a4e76f', '1966-02-19', 'F', false, 34);
insert into authenticated_user (id, first_name, last_name, email, password, birth_date, gender, blocked, id_image) values (35, 'Wyn', 'Faragan', 'wfaragany@amazon.co.uk', '44feaa9b420be580c7665e5542c99e80399da845db545ce01dc8ed9bcd1ae4b4', '2001-11-22', 'M', false, 35);
insert into authenticated_user (id, first_name, last_name, email, password, birth_date, gender, blocked, id_image) values (36, 'Vasily', 'Wingar', 'vwingarz@fastcompany.com', 'f2a9a3012de5e616f8f80c1e60c27bb264171f6e609b862196c96127f494a019', '1963-10-06', 'M', false, 36);
insert into authenticated_user (id, first_name, last_name, email, password, birth_date, gender, blocked, id_image) values (37, 'Rubi', 'Ewin', 'rewin10@addtoany.com', '93b8ac29dbb6ebe60ab4ca25a6a1266750a02af3d76dd2939cd24ac1d4dcdf6c', '1977-01-28', 'F', false, 37);
insert into authenticated_user (id, first_name, last_name, email, password, birth_date, gender, blocked, id_image) values (38, 'Shadow', 'Streets', 'sstreets11@ezinearticles.com', '487dedbea718cca9c41398ba0a5ff4e2c0877d3fae52d565be2a7c4611c6c203', '1972-03-25', 'M', false, 38);
insert into authenticated_user (id, first_name, last_name, email, password, birth_date, gender, blocked, id_image) values (39, 'Warde', 'Sapson', 'wsapson12@alexa.com', '37ed525f4e7015de3bcd98a2cb8a348e906aa945fcc7be186d75e0224f870f41', '2001-04-22', 'M', false, 39);
insert into authenticated_user (id, first_name, last_name, email, password, birth_date, gender, blocked, id_image) values (40, 'Deanna', 'Magor', 'dmagor13@salon.com', '8adffe543be9a9f1985187882201eb2c519fb0df9208a30ed6a70098d201851b', '1951-04-03', 'F', false, 40);
insert into authenticated_user (id, first_name, last_name, email, password, birth_date, gender, blocked, id_image) values (41, 'Arley', 'Goodyer', 'agoodyer14@sitemeter.com', 'b257a9c1a216ef052a7065666fc894eae99e08543ff51df0dc1264fadb5d933a', '1965-11-21', 'M', false, 41);
insert into authenticated_user (id, first_name, last_name, email, password, birth_date, gender, blocked, id_image) values (42, 'Trevar', 'Rustidge', 'trustidge15@altervista.org', '3e974253cbf303ae8d0a69a55cdfed55911dbe7caeb29dd3f0eddec662729976', '1999-12-24', 'M', false, 42);
insert into authenticated_user (id, first_name, last_name, email, password, birth_date, gender, blocked, id_image) values (43, 'Winfred', 'Pounsett', 'wpounsett16@spotify.com', 'ac6d46b5618e290e8704e5891cf3e81ea1b20b193faabf56b025b58afa88c565', '2002-04-06', 'M', false, 43);
insert into authenticated_user (id, first_name, last_name, email, password, birth_date, gender, blocked, id_image) values (44, 'Judie', 'Enos', 'jenos17@ucsd.edu', '93b7e8162158a42d8c41d7aab348548bc37ea31b693d98fa0760261268679cfe', '2000-01-13', 'F', false, 44);
insert into authenticated_user (id, first_name, last_name, email, password, birth_date, gender, blocked, id_image) values (45, 'Goldia', 'Mattecot', 'gmattecot18@seesaa.net', 'c1403353b25dbb5442fd511efe27526ad3b2aa55e7ebc1c74e2d1b1ee1796f5d', '2001-06-09', 'F', false, 45);
insert into authenticated_user (id, first_name, last_name, email, password, birth_date, gender, blocked, id_image) values (46, 'Deeanne', 'Clewlow', 'dclewlow19@dell.com', '5d3aede15846f2dd6b379214f823a2d20b466a1fc544c0c7502feecc79be1c8b', '2000-06-05', 'F', false, 46);
insert into authenticated_user (id, first_name, last_name, email, password, birth_date, gender, blocked, id_image) values (47, 'Renado', 'Lockery', 'rlockery1a@accuweather.com', '75fdc73d1cb189c35af2f244c210b496b8803738c90e989a0fdd1d4790d76bd9', '1961-02-24', 'M', false, 47);
insert into authenticated_user (id, first_name, last_name, email, password, birth_date, gender, blocked, id_image) values (48, 'Neale', 'Backsal', 'nbacksal1b@harvard.edu', '01396d9be6f466642241fb00c5da4b614e5f75f27677184d344c1e861f4010ed', '1990-07-13', 'M', false, 48);
insert into authenticated_user (id, first_name, last_name, email, password, birth_date, gender, blocked, id_image) values (49, 'Kinny', 'Wannop', 'kwannop1c@ameblo.jp', '39dd0704c1c252bcb8e46a314c14aa1856fc6adb59795f91dac082f386ff6042', '1983-04-09', 'M', false, 49);
insert into authenticated_user (id, first_name, last_name, email, password, birth_date, gender, blocked, id_image) values (50, 'Parnell', 'Stilgo', 'pstilgo1d@xing.com', '3440f7221900fd76683112f791b9f9147ea24876a0a5702f614cc98608737b42', '1979-03-27', 'M', false, 50);
insert into authenticated_user (id, first_name, last_name, email, password, birth_date, gender, blocked, id_image) values (51, 'Sal', 'Hynson', 'shynson1e@de.vu', 'a9100b763baa998a53c59f27fcecc9840b7dc3ef71d614e9d6b5b3034259439b', '1964-07-25', 'F', false, 51);
insert into authenticated_user (id, first_name, last_name, email, password, birth_date, gender, blocked, id_image) values (52, 'Tandie', 'Zanicchelli', 'tzanicchelli1f@uiuc.edu', '28306daa34c76c63fad50b5df5fc364e7843952a73d5bc99761f65c44fe09159', '1980-04-13', 'F', false, 52);
insert into authenticated_user (id, first_name, last_name, email, password, birth_date, gender, blocked, id_image) values (53, 'Tanitansy', 'Targett', 'ttargett1g@wordpress.com', '4bce6b92ba1aafe5e09ca21109159f10b6818e182b218cda373b6ba8f996641b', '1968-05-08', 'F', false, 53);
insert into authenticated_user (id, first_name, last_name, email, password, birth_date, gender, blocked, id_image) values (54, 'Chandler', 'Orneles', 'corneles1h@fda.gov', '10ef443d4f7008f2213898b925b956e2fe84103a7f54136c82f63e51cdd88ba5', '1997-05-04', 'M', false, 54);
insert into authenticated_user (id, first_name, last_name, email, password, birth_date, gender, blocked, id_image) values (55, 'Ferdy', 'Clerke', 'fclerke1i@opera.com', '9bbac2b98ff1c5b205636b92e2f8bfa5b43370c818ad8cd7c3d510d0ed610363', '1951-12-24', 'M', false, 55);
insert into authenticated_user (id, first_name, last_name, email, password, birth_date, gender, blocked, id_image) values (56, 'Goldi', 'Vickarman', 'gvickarman1j@shinystat.com', '0946eea53106e13500b1a8d0de797cca732b2d8beb3a0c51d5a9c2171069b4f8', '1994-03-07', 'F', false, 56);
insert into authenticated_user (id, first_name, last_name, email, password, birth_date, gender, blocked, id_image) values (57, 'Myrlene', 'Pitbladdo', 'mpitbladdo1k@xinhuanet.com', '4fb803a5a0abada7e8a18d13183cd5d3f5a207b1fd3f6c76a60a8bd97ecccb20', '2000-01-30', 'F', false, 57);
insert into authenticated_user (id, first_name, last_name, email, password, birth_date, gender, blocked, id_image) values (58, 'Tull', 'Piniur', 'tpiniur1l@123-reg.co.uk', 'a51641b82222eb41c57f80a59bc392891f9e647c2c0dda847e999d8cdf6efa7c', '1953-06-28', 'M', false, 58);
insert into authenticated_user (id, first_name, last_name, email, password, birth_date, gender, blocked, id_image) values (59, 'Gabrila', 'Shand', 'gshand1m@t-online.de', '44f4297ef5bffb1c01d625587b4332d715ee7dc97636b7cdc4b371584b4389b9', '1958-12-26', 'F', false, 59);
insert into authenticated_user (id, first_name, last_name, email, password, birth_date, gender, blocked, id_image) values (60, 'Heindrick', 'McMurty', 'hmcmurty1n@mapquest.com', '5df772c8494a58a9104aa24c69d85edb4cc02340c859cd2cb0d451bea77ae443', '1964-12-13', 'M', false, 60);
insert into authenticated_user (id, first_name, last_name, email, password, birth_date, gender, blocked, id_image) values (61, 'Elsey', 'Ellard', 'eellard1o@drupal.org', '8433df83c9f415c06cf112b025a1eda1d0027ec8e554354ca5d155498d0fe728', '1986-02-19', 'F', false, 61);
insert into authenticated_user (id, first_name, last_name, email, password, birth_date, gender, blocked, id_image) values (62, 'Cord', 'Dunnan', 'cdunnan1p@cdc.gov', '0fbe37c280b5942b9adf009cae7fe2bb63bcecb38d484a7b16b557db1e7bffb5', '1988-05-04', 'M', false, 62);
insert into authenticated_user (id, first_name, last_name, email, password, birth_date, gender, blocked, id_image) values (63, 'Aimee', 'Wiltshier', 'awiltshier1q@illinois.edu', '798adc8ea9bc94232e6813ebcf9ac15abf61fbb7f4017fd3c994ff96af76d7cf', '1962-05-19', 'F', false, 63);
insert into authenticated_user (id, first_name, last_name, email, password, birth_date, gender, blocked, id_image) values (64, 'Audra', 'Kornyakov', 'akornyakov1r@blinklist.com', 'dd11367ce91b1dc89b0ead096368adf3216b8f27e30e490b4b671944e50ec77d', '1988-09-30', 'F', false, 64);
insert into authenticated_user (id, first_name, last_name, email, password, birth_date, gender, blocked, id_image) values (65, 'Cordi', 'Linguard', 'clinguard1s@hostgator.com', '6d012f06eb5671bdd540dc75b83c32822af2beaac28a09f3910be65c8cde845c', '1957-12-29', 'F', false, 65);
insert into authenticated_user (id, first_name, last_name, email, password, birth_date, gender, blocked, id_image) values (66, 'Mohammed', 'Bertholin', 'mbertholin1t@yahoo.com', '74f6c3e844de950a401555fa4684fcfd6cdfc7f05004ddba1b8e0408609503ff', '1989-09-26', 'M', false, 66);
insert into authenticated_user (id, first_name, last_name, email, password, birth_date, gender, blocked, id_image) values (67, 'Janella', 'Willishire', 'jwillishire1u@engadget.com', 'facf4076a3c16fa77386270c362ce76b64d932ebacee6b77f1bb87e6d06ff0b9', '1971-02-07', 'F', false, 67);
insert into authenticated_user (id, first_name, last_name, email, password, birth_date, gender, blocked, id_image) values (68, 'Heall', 'Bremmer', 'hbremmer1v@netlog.com', 'be5f008507af31716e4ec0b46d4bc09345292de562b359085c5376b9f909ab78', '1951-05-28', 'M', false, 68);
insert into authenticated_user (id, first_name, last_name, email, password, birth_date, gender, blocked, id_image) values (69, 'Dehlia', 'Mechell', 'dmechell1w@ocn.ne.jp', '5fc593d965420aa9d82da62f8e81d2f63a1e2937ce64aea0775901ebc04e1f7c', '1997-06-20', 'F', false, 69);
insert into authenticated_user (id, first_name, last_name, email, password, birth_date, gender, blocked, id_image) values (70, 'Manfred', 'Canham', 'mcanham1x@angelfire.com', '8a4c3993508dd25ff0055d386e0b8cc817949fd7e8c88cb252839885c4b67d8a', '1987-03-24', 'M', false, 70);
insert into authenticated_user (id, first_name, last_name, email, password, birth_date, gender, blocked, id_image) values (71, 'Wilma', 'Hartman', 'whartman1y@freewebs.com', '5864f83ac315727b47afad42ff34dc2f160f65cfb1192f8da03e41c187583d23', '1972-02-28', 'F', false, 71);
insert into authenticated_user (id, first_name, last_name, email, password, birth_date, gender, blocked, id_image) values (72, 'Miller', 'Verlander', 'mverlander1z@ehow.com', '7b1cfe90b043367f3673833fae1456389c64ed6970cf7355dc58837a3cc295fc', '1953-02-11', 'M', false, 72);
insert into authenticated_user (id, first_name, last_name, email, password, birth_date, gender, blocked, id_image) values (73, 'Ring', 'Calbert', 'rcalbert20@fotki.com', 'bfe7b55590c21708aa0be835a955d29c82c80d94f8a88f9c2a3111ee7a7731e8', '1967-09-18', 'M', false, 73);
insert into authenticated_user (id, first_name, last_name, email, password, birth_date, gender, blocked, id_image) values (74, 'Clarisse', 'Hunnaball', 'chunnaball21@bbc.co.uk', '3fac1aea6229c3db21354d6b890eb872473ca899c25d1467e80955b766be4255', '1985-11-18', 'F', false, 74);
insert into authenticated_user (id, first_name, last_name, email, password, birth_date, gender, blocked, id_image) values (75, 'Shaughn', 'Cunniffe', 'scunniffe22@bloomberg.com', 'a10f1960804a7a1c65f55055c5b1e9535ea0e32d4f22411642362ebe6336af6c', '1984-03-19', 'M', false, 75);
insert into authenticated_user (id, first_name, last_name, email, password, birth_date, gender, blocked, id_image) values (76, 'Bart', 'Freckingham', 'bfreckingham23@goo.ne.jp', '17a8f6a824bf6ef92d8a3495407bb319472415e99f246e3fcc53c650e2bd97e1', '1976-10-28', 'M', false, 76);
insert into authenticated_user (id, first_name, last_name, email, password, birth_date, gender, blocked, id_image) values (77, 'Winslow', 'Rousel', 'wrousel24@xing.com', '5ecbe0e9f30992fbe2c22201e955095c3074256dd3dcda8db463d6b64ae0ae9b', '1955-09-18', 'M', false, 77);
insert into authenticated_user (id, first_name, last_name, email, password, birth_date, gender, blocked, id_image) values (78, 'Toma', 'Vollam', 'tvollam25@amazon.co.jp', 'ae416ab119303243e72a701df77ae7d6bd64a07884b48149cffc5ad4af77b42a', '1984-01-05', 'F', false, 78);
insert into authenticated_user (id, first_name, last_name, email, password, birth_date, gender, blocked, id_image) values (79, 'Malissa', 'Marshfield', 'mmarshfield26@ehow.com', 'b21a7601c93a84814a48bf4ebc13f2abaefcb9a6269b515faa35a0c55a2d59f6', '1990-09-21', 'F', false, 79);
insert into authenticated_user (id, first_name, last_name, email, password, birth_date, gender, blocked, id_image) values (80, 'Sonnnie', 'Hiley', 'shiley27@wisc.edu', '5e68658a33d1ad39baad1b85006b7ec35fc0e10669af175e9433d79d5370f8d4', '1964-02-05', 'F', false, 80);

-- Admin

insert into admin (id, first_name, last_name, email, password, birth_date, gender, id_image, role) values (1, 'Fredi', 'Chestnutt', 'fchestnutt0@ezinearticles.com', '7304d768a5cd40e79476ae15137012e4ecadb25f84f8d7bd32c78b7180877724', '1964-08-10', 'F', 81, 'Collaborator');
insert into admin (id, first_name, last_name, email, password, birth_date, gender, id_image, role) values (2, 'Franny', 'Tewkesberrie', 'ftewkesberrie1@bigcartel.com', 'ab0c53955fae574aef89ce564d277b6bf9a9ed9da9238dd1e7030d968395f6a4', '1981-09-15', 'M', 82, 'Collaborator');
insert into admin (id, first_name, last_name, email, password, birth_date, gender, id_image, role) values (3, 'Crista', 'Probart', 'cprobart2@omniture.com', 'de9f22f66288296bbd3c89cd9a5047dfd57f97f3c9979b676fc1686cc45a8501', '1993-01-10', 'M', 83, 'Collaborator');
insert into admin (id, first_name, last_name, email, password, birth_date, gender, id_image, role) values (4, 'Maribeth', 'Binney', 'mbinney3@amazon.co.uk', '3d3fff61490cfb12d8ab1498c70dda5844d30763651d21e43476821e9509c60a', '1953-11-09', 'F', 84, 'Collaborator');
insert into admin (id, first_name, last_name, email, password, birth_date, gender, id_image, role) values (5, 'Adeline', 'Towersey', 'atowersey4@hexun.com', '7263ce58b55441197bef849be920a412f46c31730fc90e46d19d25e6c2fa6ebe', '1976-12-08', 'F', 85, 'Collaborator');
insert into admin (id, first_name, last_name, email, password, birth_date, gender, id_image, role) values (6, 'Mortimer', 'Yexley', 'myexley5@yale.edu', '0eb5450e9048161c7809bd800e0450b481f9f83bccf772f1aa5b112480768a99', '1976-03-12', 'F', 86, 'Collaborator');
insert into admin (id, first_name, last_name, email, password, birth_date, gender, id_image, role) values (7, 'Fredra', 'Trotton', 'ftrotton6@tiny.cc', 'eb0f4d2a29fbc6a3107d2c462081997f0cd88dd8eec42d8c17ad4ffa400b3080', '1986-02-17', 'F', 87, 'Collaborator');
insert into admin (id, first_name, last_name, email, password, birth_date, gender, id_image, role) values (8, 'Pail', 'Andriveau', 'pandriveau7@sciencedaily.com', '21e77c045d3a03886b1d6c319362c609f5acef3148c9a962c984332c20da0f26', '1992-09-23', 'F', 88, 'Collaborator');
insert into admin (id, first_name, last_name, email, password, birth_date, gender, id_image, role) values (9, 'Danny', 'Chicken', 'dchicken8@quantcast.com', '1ad3b9c0d3dc459f3129ad35e7bda0fba2a38b3e93d53dfb7e0482d53b51937e', '1992-10-14', 'F', 89, 'Collaborator');
insert into admin (id, first_name, last_name, email, password, birth_date, gender, id_image, role) values (10, 'Tito', 'Lawrance', 'tlawrance9@goo.ne.jp', 'a82ad9833031ab15c6647b553f09476ae4c7f6cb930535f6815c697987ee9fe7', '1951-05-30', 'F', 90, 'Collaborator');
insert into admin (id, first_name, last_name, email, password, birth_date, gender, id_image, role) values (11, 'Mari', 'Gilham', 'mgilhama@mediafire.com', '28bb9d7a679e4eed8ba814291652a6bf01ad22fdd7727960812b6174f3789ead', '1966-11-10', 'M', 91, 'Technician');
insert into admin (id, first_name, last_name, email, password, birth_date, gender, id_image, role) values (12, 'Jamal', 'Verne', 'jverneb@cnn.com', 'a12feb29e37d58e817da4ca42f057271ce1afd7ef608b5fa67df2fee8f28b41a', '2000-02-25', 'F', 92, 'Technician');
insert into admin (id, first_name, last_name, email, password, birth_date, gender, id_image, role) values (13, 'Pauly', 'Addicote', 'paddicotec@hostgator.com', '4be2b1ee24729a3b2e27416322eaad20e08b02f4b7df0e905d5ff8fb47290c18', '1985-05-11', 'F', 93, 'Technician');
insert into admin (id, first_name, last_name, email, password, birth_date, gender, id_image, role) values (14, 'Carly', 'Bringloe', 'cbringloed@imageshack.us', '44c136ec6c10199a8064ce8c3542e8d36365efe5351f55b159a05c7eb83f653f', '1975-10-08', 'F', 94, 'Technician');
insert into admin (id, first_name, last_name, email, password, birth_date, gender, id_image, role) values (15, 'Karole', 'Gunthorpe', 'kgunthorpee@t-online.de', 'a192e8809772448bfa784432449de6499018e9d1d191f40f0978a04c3b5fc19f', '1993-12-24', 'F', 95, 'Technician');
insert into admin (id, first_name, last_name, email, password, birth_date, gender, id_image, role) values (16, 'Nap', 'Halesworth', 'nhalesworthf@hostgator.com', 'c73302b0834d7cb0123d254b4417960aedbfe2723d2763325107b67b1b0f6f3c', '1960-04-16', 'M', 96, 'Technician');
insert into admin (id, first_name, last_name, email, password, birth_date, gender, id_image, role) values (17, 'Mellie', 'Swancott', 'mswancottg@nifty.com', '2d58f0dfd8b68ffe468d3e9cd288dd076781cb45188e173d35803ddec7b76e13', '1970-01-22', 'F', 97, 'Technician');
insert into admin (id, first_name, last_name, email, password, birth_date, gender, id_image, role) values (18, 'Denis', 'Spennock', 'dspennockh@etsy.com', '5a11ce61ff54796a5e6c4c1a65c5c9da371679d55aa06f8174f872e6479a91ff', '1996-06-16', 'M', 98, 'Technician');
insert into admin (id, first_name, last_name, email, password, birth_date, gender, id_image, role) values (19, 'Ramonda', 'Dowderswell', 'rdowderswelli@imgur.com', 'baca252ab4d88d3e062555167d516d489f456810f5bfe0982dfe23da64f1e1fd', '1985-10-21', 'M', 99, 'Technician');
insert into admin (id, first_name, last_name, email, password, birth_date, gender, id_image, role) values (20, 'Lennie', 'Pavelka', 'lpavelkaj@amazon.de', '4993907367df0e5090ffee5a7ae73556a3a992f26a36000b7f8c35e834132182', '1974-06-26', 'M', 100, 'Technician');

-- ADDRESS

